invoice_id,flagged,error_category,expected_total_cents,billed_total_cents,confidence
INV-H3-000009,0,,1121650,1121650,0.8
INV-H3-000019,0,,3964925,3964925,0.7
INV-H3-000028,0,,1207741,1207741,0.7
INV-H3-000029,1,effective_rate_mismatch;invoice_amount_mismatch;line_amount_mismatch;unit_basis_mismatch,794425,801990,0.8
INV-H3-000034,0,,2352800,2352800,0.8
INV-H3-000037,0,,1593850,1593850,0.7
INV-H3-000040,0,,1165154,1165154,0.8
INV-H3-000043,0,,720875,720875,0.8
INV-H3-000048,0,,2452592,2452592,0.8
INV-H3-000050,0,,3788788,3788788,0.7
INV-H3-000054,0,,2050950,2050950,0.8
INV-H3-000055,0,,1356475,1356475,0.8
INV-H3-000067,1,daily_quantity_cap;effective_rate_mismatch;invoice_amount_mismatch;line_amount_mismatch,2118775,2127583,0.8
INV-H3-000072,0,,2149805,2149805,0.8
INV-H3-000073,0,,5710575,5710575,0.8
INV-H3-000081,0,,2271606,2271606,0.8
INV-H3-000087,0,,3266259,3266259,0.8
INV-H3-000097,0,,1000564,1000564,0.8
INV-H3-000110,0,,1684768,1684768,0.8
INV-H3-000111,0,,2383875,2383875,0.8
INV-H3-000112,0,,1742398,1742398,0.8
INV-H3-000117,0,,1089825,1089825,0.8
INV-H3-000120,0,,2310243,2310243,0.8
INV-H3-000123,0,,2039450,2039450,0.8
INV-H3-000151,0,,3755802,3755802,0.8
INV-H3-000153,0,,267839,267839,0.8
INV-H3-000154,0,,1491125,1491125,0.7
INV-H3-000166,0,,667075,667075,0.8
INV-H3-000190,0,,1781390,1781390,0.8
INV-H3-000201,0,,3392518,3392518,0.7
INV-H3-000203,0,,4626878,4626878,0.8
INV-H3-000211,0,,1435800,1435800,0.8
INV-H3-000225,0,,990660,990660,0.8
INV-H3-000227,0,,4352271,4352271,0.8
INV-H3-000233,0,,2454675,2454675,0.8
INV-H3-000234,0,,1394090,1394090,0.8
INV-H3-000259,0,,2849928,2849928,0.8
INV-H3-000261,0,,2140758,2140758,0.8
INV-H3-000264,0,,3302277,3302277,0.8
INV-H3-000268,0,,1055840,1055840,0.8
INV-H3-000286,0,,2583800,2583800,0.8
INV-H3-000294,0,,1846274,1846274,0.7
INV-H3-000317,0,,1409111,1409111,0.7
INV-H3-000321,0,,809375,809375,0.8
INV-H3-000327,0,,2881395,2881395,0.7
INV-H3-000331,0,,2407428,2407428,0.8
INV-H3-000339,0,,914300,914300,0.8
INV-H3-000344,1,effective_rate_mismatch;invoice_amount_mismatch;line_amount_mismatch,3052251,3057951,0.8
INV-H3-000357,0,,724170,724170,0.8
INV-H3-000361,0,,680391,680391,0.8
INV-H3-000363,0,,2021865,2021865,0.8
INV-H3-000366,0,,1721197,1721197,0.8
INV-H3-000374,0,,2207638,2207638,0.8
INV-H3-000380,0,,2527400,2527400,0.8
INV-H3-000384,0,,1841225,1841225,0.8
INV-H3-000387,0,,1167943,1167943,0.8
INV-H3-000391,0,,2317653,2317653,0.8
INV-H3-000393,0,,1479500,1479500,0.8
INV-H3-000410,0,,2640415,2640415,0.8
INV-H3-000437,0,,2947453,2947453,0.8
INV-H3-000441,0,,1325956,1325956,0.8
INV-H3-000442,0,,3988025,3988025,0.7
INV-H3-000445,0,,1187550,1187550,0.8
INV-H3-000446,0,,3993475,3993475,0.8
INV-H3-000461,0,,5519752,5519752,0.8
INV-H3-000468,0,,5886647,5886647,0.7
INV-H3-000470,0,,1300815,1300815,0.8
INV-H3-000483,0,,3628363,3628363,0.7
INV-H3-000484,0,,2857716,2857716,0.8
INV-H3-000500,0,,1543999,1543999,0.8
INV-H3-000503,0,,1983675,1983675,0.8
INV-H3-000505,0,,2146935,2146935,0.7
INV-H3-000509,0,,1606500,1606500,0.8
INV-H3-000534,0,,2294208,2294208,0.7
INV-H3-000549,0,,632222,632222,0.8
INV-H3-000550,0,,2112615,2112615,0.8
INV-H3-000552,0,,2129160,2129160,0.7
INV-H3-000557,0,,946635,946635,0.7
INV-H3-000562,0,,1326928,1326928,0.8
INV-H3-000563,0,,1630315,1630315,0.8
INV-H3-000567,0,,4725194,4725194,0.8
INV-H3-000576,0,,4165113,4165113,0.7
INV-H3-000577,0,,2116580,2116580,0.7
INV-H3-000589,0,,1413600,1413600,0.8
INV-H3-000590,0,,1062716,1062716,0.8
INV-H3-000591,0,,2326614,2326614,0.8
INV-H3-000593,0,,2946528,2946528,0.8
INV-H3-000597,0,,2763642,2763642,0.8
INV-H3-000604,0,,1460397,1460397,0.7
INV-H3-000609,0,,3958061,3958061,0.8
INV-H3-000612,0,,2605415,2605415,0.8
INV-H3-000627,0,,4290205,4290205,0.7
INV-H3-000631,0,,2339462,2339462,0.8
INV-H3-000634,0,,2123742,2123742,0.8
INV-H3-000641,0,,1674515,1674515,0.8
INV-H3-000650,0,,2499927,2499927,0.8
INV-H3-000651,0,,1936547,1936547,0.8
INV-H3-000658,0,,1482129,1482129,0.8
INV-H3-000661,0,,880809,880809,0.8
INV-H3-000664,0,,566596,566596,0.8
INV-H3-000669,0,,514363,514363,0.8
INV-H3-000676,1,effective_rate_mismatch;invoice_amount_mismatch;line_amount_mismatch,3815132,3978332,0.8
INV-H3-000682,0,,1879175,1879175,0.8
INV-H3-000686,0,,1507477,1507477,0.8
INV-H3-000690,0,,4065707,4065707,0.8
INV-H3-000707,0,,1488925,1488925,0.8
INV-H3-000713,0,,516575,516575,0.8
INV-H3-000716,1,effective_rate_mismatch;invoice_amount_mismatch;line_amount_mismatch,1446155,1461455,0.8
INV-H3-000718,0,,3895001,3895001,0.8
INV-H3-000719,0,,1412244,1412244,0.7
INV-H3-000720,0,,2304088,2304088,0.8
INV-H3-000725,0,,2153261,2153261,0.8
INV-H3-000727,0,,2743756,2743756,0.7
INV-H3-000731,0,,1111588,1111588,0.7
INV-H3-000737,0,,3064153,3064153,0.8
INV-H3-000748,0,,1554665,1554665,0.8
INV-H3-000755,0,,3156586,3156586,0.7
INV-H3-000756,0,,2393158,2393158,0.8
INV-H3-000760,0,,724790,724790,0.8
INV-H3-000763,0,,930293,930293,0.8
INV-H3-000765,0,,1784079,1784079,0.8
INV-H3-000770,0,,618253,618253,0.8
INV-H3-000771,0,,3494704,3494704,0.8
INV-H3-000772,0,,3024830,3024830,0.8
INV-H3-000774,0,,1183376,1183376,0.8
INV-H3-000780,0,,2384030,2384030,0.7
INV-H3-000783,0,,2018521,2018521,0.7
INV-H3-000792,0,,873775,873775,0.8
INV-H3-000812,0,,1244190,1244190,0.8
INV-H3-000819,0,,2291285,2291285,0.8
INV-H3-000829,0,,1971132,1971132,0.8
INV-H3-000846,0,,4669641,4669641,0.8
INV-H3-000851,0,,3261972,3261972,0.8
INV-H3-000858,0,,4117434,4117434,0.8
INV-H3-000859,0,,929398,929398,0.8
INV-H3-000881,0,,1632800,1632800,0.8
INV-H3-000882,0,,1770462,1770462,0.8
INV-H3-000889,0,,1053370,1053370,0.8
INV-H3-000892,0,,1009674,1009674,0.8
INV-H3-000893,0,,3387265,3387265,0.8
INV-H3-000896,0,,2155380,2155380,0.8
INV-H3-000899,0,,1543629,1543629,0.8
INV-H3-000902,0,,1562901,1562901,0.8
INV-H3-000904,0,,2428975,2428975,0.8
INV-H3-000907,0,,951492,951492,0.8
INV-H3-000909,0,,922816,922816,0.8
INV-H3-000930,0,,2183668,2183668,0.7
INV-H3-000931,0,,876385,876385,0.8
INV-H4-000005,0,,1061450,1061450,0.8
INV-H4-000013,0,,2946850,2946850,0.8
INV-H4-000015,0,,3635025,3635025,0.8
INV-H4-000025,0,,729989,729989,0.8
INV-H4-000028,0,,1136750,1136750,0.8
INV-H4-000041,0,,2268000,2268000,0.8
INV-H4-000043,0,,1803400,1803400,0.8
INV-H4-000046,0,,2192275,2192275,0.8
INV-H4-000057,0,,3328750,3328750,0.8
INV-H4-000116,0,,3422822,3422822,0.7
INV-H4-000117,0,,1002076,1002076,0.7
INV-H4-000126,0,,1198500,1198500,0.8
INV-H4-000133,0,,1665300,1665300,0.7
INV-H4-000136,0,,1312475,1312475,0.8
INV-H4-000140,0,,2104082,2104082,0.8
INV-H4-000148,0,,1207325,1207325,0.8
INV-H4-000152,0,,1673314,1673314,0.8
INV-H4-000156,0,,1706925,1706925,0.8
INV-H4-000160,0,,481550,481550,0.8
INV-H4-000163,0,,3712175,3712175,0.8
INV-H4-000179,0,,1998140,1998140,0.8
INV-H4-000201,0,,875700,875700,0.7
INV-H4-000215,0,,604825,604825,0.8
INV-H4-000258,0,,1118825,1118825,0.8
INV-H4-000281,0,,1513905,1513905,0.8
INV-H4-000286,0,,2054450,2054450,0.7
INV-H4-000314,0,,697175,697175,0.8
INV-H4-000330,0,,1330250,1330250,0.8
INV-H4-000337,0,,2762165,2762165,0.8
INV-H4-000339,0,,2489370,2489370,0.8
INV-H4-000372,0,,474575,474575,0.8
INV-H4-000404,0,,1310900,1310900,0.8
INV-H4-000427,0,,1194800,1194800,0.8
INV-H4-000464,0,,1815325,1815325,0.8
INV-H4-000466,0,,2165475,2165475,0.7
INV-H4-000467,0,,1033045,1033045,0.8
INV-H4-000486,0,,1222350,1222350,0.8
INV-H4-000500,0,,1513950,1513950,0.7
INV-H4-000503,0,,1712225,1712225,0.8
INV-H4-000511,0,,4246950,4246950,0.8
INV-H4-000521,0,,3804725,3804725,0.7
INV-H4-000525,0,,1219975,1219975,0.7
INV-H4-000535,0,,1740400,1740400,0.8
INV-H4-000557,0,,885100,885100,0.8
INV-H4-000580,0,,1117339,1117339,0.8
INV-H4-000583,1,effective_rate_mismatch;invoice_amount_mismatch;line_amount_mismatch,819575,947375,0.7
INV-H4-000604,0,,1621650,1621650,0.8
INV-H4-000617,0,,2334775,2334775,0.8
INV-H4-000634,0,,1176432,1176432,0.8
INV-H4-000650,0,,2116750,2116750,0.7
INV-H4-000656,0,,1691450,1691450,0.8
INV-H4-000685,0,,888575,888575,0.8
INV-H4-000687,0,,2130175,2130175,0.7
INV-H4-000689,0,,311150,311150,0.8
INV-H4-000718,0,,1570300,1570300,0.8
INV-H4-000721,0,,3096676,3096676,0.8
INV-H4-000728,0,,988325,988325,0.8
INV-H4-000732,0,,2127850,2127850,0.8
INV-H4-000744,0,,2601325,2601325,0.8
INV-H4-000748,0,,1131650,1131650,0.8
INV-H4-000771,0,,1482775,1482775,0.8
INV-H4-000812,0,,5447044,5447044,0.7
INV-H4-000821,0,,1685850,1685850,0.8
INV-H4-000824,0,,4084125,4084125,0.7
INV-H5-000022,0,,1706589,1706589,0.65
INV-H5-000023,0,,1458945,1458945,0.65
INV-H5-000043,0,,884375,884375,0.65
INV-H5-000044,0,,3888004,3888004,0.65
INV-H5-000048,0,,1377165,1377165,0.65
INV-H5-000063,0,,7208783,7208783,0.65
INV-H5-000071,0,,1567731,1567731,0.65
INV-H5-000083,0,,1869011,1869011,0.65
INV-H5-000087,0,,415087,415087,0.65
INV-H5-000088,0,,1559454,1559454,0.65
INV-H5-000103,0,,2369452,2369452,0.65
INV-H5-000135,0,,2186524,2186524,0.65
INV-H5-000154,0,,1217400,1217400,0.65
INV-H5-000182,0,,2723846,2723846,0.65
INV-H5-000183,0,,611744,611744,0.65
INV-H5-000206,0,,2432220,2432220,0.65
INV-H5-000211,0,,476248,476248,0.65
INV-H5-000214,0,,3483665,3483665,0.65
INV-H5-000241,0,,791180,791180,0.65
INV-H5-000262,0,,1744920,1744920,0.65
INV-H5-000278,0,,2230836,2230836,0.65
INV-H5-000284,0,,3061986,3061986,0.65
INV-H5-000290,0,,2034423,2034423,0.65
INV-H5-000293,0,,4026843,4026843,0.65
INV-H5-000310,0,,700952,700952,0.65
INV-H5-000315,0,,1174395,1174395,0.65
INV-H5-000323,0,,3550307,3550307,0.65
INV-H5-000325,0,,3864194,3864194,0.65
INV-H5-000326,0,,1433261,1433261,0.65
INV-H5-000344,0,,539985,539985,0.65
INV-H5-000351,0,,1975300,1975300,0.65
INV-H5-000359,0,,2329645,2329645,0.65
INV-H5-000387,0,,598952,598952,0.65
INV-H5-000391,0,,1656621,1656621,0.65
INV-H5-000392,0,,1415709,1415709,0.65
INV-H5-000393,0,,2915305,2915305,0.65
INV-H5-000405,0,,1858506,1858506,0.65
INV-H5-000415,0,,2020731,2020731,0.65
INV-H5-000416,0,,1741622,1741622,0.65
INV-H5-000440,0,,3082893,3082893,0.65
INV-H5-000444,0,,3449162,3449162,0.65
INV-H5-000455,0,,2636163,2636163,0.65
INV-H5-000460,0,,2922530,2922530,0.65
INV-H5-000467,0,,1822769,1822769,0.65
INV-H5-000476,0,,1109760,1109760,0.65
INV-H5-000508,0,,1470692,1470692,0.65
INV-H5-000509,0,,2703277,2703277,0.65
INV-H5-000511,0,,1628661,1628661,0.65
INV-H5-000513,0,,3041283,3041283,0.65
INV-H5-000517,0,,2245747,2245747,0.65
INV-H5-000526,0,,2350463,2350463,0.65
INV-H5-000549,0,,1257831,1257831,0.65
INV-H5-000552,0,,1333754,1333754,0.65
INV-H5-000553,0,,1913374,1913374,0.65
INV-H5-000556,0,,3188535,3188535,0.65
INV-H5-000564,0,,1103541,1103541,0.65
INV-H5-000566,0,,942798,942798,0.65
INV-H5-000568,0,,2250229,2250229,0.65
INV-H5-000572,0,,4563454,4563454,0.65
INV-H5-000573,0,,1534116,1534116,0.65
INV-H5-000583,0,,997973,997973,0.65
INV-H5-000586,0,,2736015,2736015,0.65
INV-H5-000592,0,,3714402,3714402,0.65
INV-H5-000593,0,,1971033,1971033,0.65
INV-H5-000600,0,,2256241,2256241,0.65
INV-H5-000612,0,,1089539,1089539,0.65
INV-H5-000613,0,,3850896,3850896,0.65
INV-H5-000614,0,,1017381,1017381,0.65
INV-H5-000618,0,,1202960,1202960,0.65
INV-H5-000622,0,,3481987,3481987,0.65
INV-H5-000633,0,,1375413,1375413,0.65
INV-H5-000634,0,,1129583,1129583,0.65
INV-H5-000643,0,,935341,935341,0.65
INV-H5-000647,0,,2569143,2569143,0.65
INV-H5-000658,0,,3424234,3424234,0.65
INV-H5-000664,0,,3475339,3475339,0.65
INV-H5-000670,0,,1463878,1463878,0.65
INV-H5-000681,0,,2544026,2544026,0.65
INV-H5-000693,0,,3031724,3031724,0.65
INV-H5-000695,0,,951175,951175,0.65
INV-H5-000699,0,,1965404,1965404,0.65
INV-H5-000704,0,,1526203,1526203,0.65
INV-H5-000705,0,,1978038,1978038,0.65
INV-H5-000714,0,,809557,809557,0.65
INV-H5-000745,0,,915730,915730,0.65
INV-H5-000774,0,,416832,416832,0.65
INV-H5-000776,0,,1809975,1809975,0.65
INV-H5-000801,0,,3032292,3032292,0.65
INV-H5-000810,0,,4619371,4619371,0.65
INV-H5-000811,0,,862226,862226,0.65
INV-H5-000816,0,,3037479,3037479,0.65
INV-H5-000827,0,,3234976,3234976,0.65
INV-H5-000828,0,,1586272,1586272,0.65
INV-H5-000844,0,,1957490,1957490,0.65
INV-H5-000856,0,,2267767,2267767,0.65
INV-H5-000860,0,,2106262,2106262,0.65
INV-H5-000870,0,,1492257,1492257,0.65
INV-H5-000873,0,,4097350,4097350,0.65
INV-H5-000881,0,,1217530,1217530,0.65
INV-H5-000884,0,,1034433,1034433,0.65
INV-H5-000889,0,,1640226,1640226,0.65
INV-H5-000895,0,,1575522,1575522,0.65
INV-H5-000901,0,,3601565,3601565,0.65
INV-H5-000905,0,,3741442,3741442,0.65
INV-H5-000912,0,,2405012,2405012,0.65
INV-H5-000919,0,,666083,666083,0.65
INV-H5-000922,0,,786195,786195,0.65
INV-H5-000925,0,,2973439,2973439,0.65
INV-H5-000935,0,,4576964,4576964,0.65
INV-H5-000938,0,,2774726,2774726,0.65
INV-H5-000939,0,,3525865,3525865,0.65
INV-H5-000941,0,,2653154,2653154,0.65
INV-H5-000946,0,,3367191,3367191,0.65
INV-H5-000957,0,,2222390,2222390,0.65
INV-H5-000961,0,,1818870,1818870,0.65
INV-H5-000973,0,,2608248,2608248,0.65
INV-H5-000974,0,,694010,694010,0.65
INV-H5-000977,0,,586933,586933,0.65
INV-H5-000988,0,,2059772,2059772,0.65
INV-H5-000991,0,,5002155,5002155,0.65
INV-H5-001004,0,,636645,636645,0.65
INV-H5-001011,0,,3849659,3849659,0.65
INV-H5-001012,0,,1171431,1171431,0.65
INV-H5-001018,0,,2806989,2806989,0.65
INV-H5-001029,0,,1326184,1326184,0.65
INV-H5-001041,0,,1744044,1744044,0.65
INV-H5-001050,0,,1970667,1970667,0.65
INV-H5-001055,0,,2457815,2457815,0.65
